The Dead Rabbit,Harp Lager,6
The Dead Rabbit,Amstel Light,6
The Dead Rabbit,Budweiser,4.5
The Dead Rabbit,Stiegl Bier,4
The Dead Rabbit,Paulaner Hefe,5
The Dead Rabbit,Pabst Blue Ribbon,7
The Dead Rabbit,Ichnusa Beer,4
The Dead Rabbit,Cheeseburger,7
The Dead Rabbit,French fries,2
The Dead Rabbit,Nachos,5
The Dead Rabbit,Chicken wings,6.5
The Dead Rabbit,Quesadilla,7
The Dead Rabbit,Onion rings,2
The Dead Rabbit,Tater tots,3
The Dead Rabbit,Mozoralla sticks,5
The Dead Rabbit,Potato skins,4
The Dead Rabbit,Pretzel,4.5
The Dead Rabbit,Coca cola,2.5
The Dead Rabbit,Sweet tea,3
The Dead Rabbit,Sprite,2.5
The Dead Rabbit,Root beer,2.5
The Dead Rabbit,Club soda,2
Death & Company,Old Speckled Hen,6.5
Death & Company,Guinness,3
Death & Company,Tuborg,4
Death & Company,Hite,7
Death & Company,Coors,5
Death & Company,Cass,6
Death & Company,Duvel,4
Death & Company,Chimay Blue Top,6.5
Death & Company,Singha Beer,5
Death & Company,Dos Equis,6.5
Death & Company,Budvar Svetly Lezak,4
Death & Company,Amstel Light,6
Death & Company,Sapporo,6
Death & Company,Cheeseburger,7
Death & Company,French fries,2
Death & Company,Nachos,5
Death & Company,Chicken wings,6.5
Death & Company,Quesadilla,7
Death & Company,Onion rings,2
Death & Company,Tater tots,3
Death & Company,Mozoralla sticks,5
Death & Company,Potato skins,4
Death & Company,Pretzel,4.5
Death & Company,Coca cola,2.5
Death & Company,Sweet tea,3
Death & Company,Sprite,2.5
Death & Company,Root beer,2.5
Death & Company,Club soda,2
Pouring Ribbons,OB Golden Lager,6.5
Pouring Ribbons,Lasko,5
Pouring Ribbons,Tecate,3
Pouring Ribbons,Kirin,4.5
Pouring Ribbons,Carlsberg,3
Pouring Ribbons,Lowenbrau,4.5
Pouring Ribbons,Efes Dark,6
Pouring Ribbons,Old Speckled Hen,3
Pouring Ribbons,Pilsner Urquell,4
Pouring Ribbons,Amstel Light,7
Pouring Ribbons,Ichnusa Beer,7
Pouring Ribbons,Tuborg,6
Pouring Ribbons,Gambrinus Premium,6
Pouring Ribbons,Cheeseburger,7
Pouring Ribbons,French fries,2
Pouring Ribbons,Nachos,5
Pouring Ribbons,Chicken wings,6.5
Pouring Ribbons,Quesadilla,7
Pouring Ribbons,Onion rings,2
Pouring Ribbons,Tater tots,3
Pouring Ribbons,Mozoralla sticks,5
Pouring Ribbons,Potato skins,4
Pouring Ribbons,Pretzel,4.5
Pouring Ribbons,Coca cola,2.5
Pouring Ribbons,Sweet tea,3
Pouring Ribbons,Sprite,2.5
Pouring Ribbons,Root beer,2.5
Pouring Ribbons,Club soda,2
Mace,Stiegl Bier,6.5
Mace,Warsteiner,6
Mace,Dreher,6.5
Mace,Asahi,6
Mace,Birra Moretti,4.5
Mace,Carlsberg,6.5
Mace,Newcastle Brown Ale,4.5
Mace,Tiger Beer,6
Mace,Cheeseburger,7
Mace,French fries,2
Mace,Nachos,5
Mace,Chicken wings,6.5
Mace,Quesadilla,7
Mace,Onion rings,2
Mace,Tater tots,3
Mace,Mozoralla sticks,5
Mace,Potato skins,4
Mace,Pretzel,4.5
Mace,Coca cola,2.5
Mace,Sweet tea,3
Mace,Sprite,2.5
Mace,Root beer,2.5
Mace,Club soda,2
Attaboy,Duvel,6.5
Attaboy,Hite,4
Attaboy,Singha Beer,6
Attaboy,Gambrinus Premium,3
Attaboy,Erdinger Pikantus,6
Attaboy,Paulaner Hefe,6.5
Attaboy,Caffrey's,6.5
Attaboy,Guinness,5
Attaboy,Tiger Beer,4
Attaboy,Budvar Svetly Lezak,4
Attaboy,Leffe Blonde,4.5
Attaboy,Cheeseburger,7
Attaboy,French fries,2
Attaboy,Nachos,5
Attaboy,Chicken wings,6.5
Attaboy,Quesadilla,7
Attaboy,Onion rings,2
Attaboy,Tater tots,3
Attaboy,Mozoralla sticks,5
Attaboy,Potato skins,4
Attaboy,Pretzel,4.5
Attaboy,Coca cola,2.5
Attaboy,Sweet tea,3
Attaboy,Sprite,2.5
Attaboy,Root beer,2.5
Attaboy,Club soda,2
Torst,Newcastle Brown Ale,4
Torst,Caffrey's,5
Torst,Lasko,5
Torst,Coors,4.5
Torst,Efes Dark,6
Torst,Coreff Ambree,5
Torst,Erdinger Pikantus,6
Torst,Old Speckled Hen,7
Torst,Budweiser,5
Torst,Cass,3
Torst,Labatts Blue,4.5
Torst,Cheeseburger,7
Torst,French fries,2
Torst,Nachos,5
Torst,Chicken wings,6.5
Torst,Quesadilla,7
Torst,Onion rings,2
Torst,Tater tots,3
Torst,Mozoralla sticks,5
Torst,Potato skins,4
Torst,Pretzel,4.5
Torst,Coca cola,2.5
Torst,Sweet tea,3
Torst,Sprite,2.5
Torst,Root beer,2.5
Torst,Club soda,2
The NoMad Bar,Hite,7
The NoMad Bar,Pilsner Urquell,4
The NoMad Bar,Labatts Blue,6
The NoMad Bar,Dos Equis,4
The NoMad Bar,Cass,4
The NoMad Bar,Leffe Blonde,3
The NoMad Bar,Tuborg,4.5
The NoMad Bar,Tiger Beer,3
The NoMad Bar,Kirin,4.5
The NoMad Bar,Carlsberg,5
The NoMad Bar,Harp Lager,6
The NoMad Bar,Stiegl Bier,6
The NoMad Bar,Union,7
The NoMad Bar,Cheeseburger,7
The NoMad Bar,French fries,2
The NoMad Bar,Nachos,5
The NoMad Bar,Chicken wings,6.5
The NoMad Bar,Quesadilla,7
The NoMad Bar,Onion rings,2
The NoMad Bar,Tater tots,3
The NoMad Bar,Mozoralla sticks,5
The NoMad Bar,Potato skins,4
The NoMad Bar,Pretzel,4.5
The NoMad Bar,Coca cola,2.5
The NoMad Bar,Sweet tea,3
The NoMad Bar,Sprite,2.5
The NoMad Bar,Root beer,2.5
The NoMad Bar,Club soda,2
Clover Club,OB Golden Lager,5
Clover Club,Efes Dark,6
Clover Club,Dreher,6
Clover Club,Harp Lager,3
Clover Club,Coreff Ambree,3
Clover Club,Cheeseburger,7
Clover Club,French fries,2
Clover Club,Nachos,5
Clover Club,Chicken wings,6.5
Clover Club,Quesadilla,7
Clover Club,Onion rings,2
Clover Club,Tater tots,3
Clover Club,Mozoralla sticks,5
Clover Club,Potato skins,4
Clover Club,Pretzel,4.5
Clover Club,Coca cola,2.5
Clover Club,Sweet tea,3
Clover Club,Sprite,2.5
Clover Club,Root beer,2.5
Clover Club,Club soda,2
Dante,Tiger Beer,6
Dante,Chimay Blue Top,3
Dante,Cass,3
Dante,Carlsberg,7
Dante,Coors,5
Dante,Cheeseburger,7
Dante,French fries,2
Dante,Nachos,5
Dante,Chicken wings,6.5
Dante,Quesadilla,7
Dante,Onion rings,2
Dante,Tater tots,3
Dante,Mozoralla sticks,5
Dante,Potato skins,4
Dante,Pretzel,4.5
Dante,Coca cola,2.5
Dante,Sweet tea,3
Dante,Sprite,2.5
Dante,Root beer,2.5
Dante,Club soda,2
Nitecap,Harp Lager,6.5
Nitecap,Peroni,6.5
Nitecap,Pabst Blue Ribbon,7
Nitecap,Duvel,6.5
Nitecap,Efes Dark,7
Nitecap,Warsteiner,5
Nitecap,Amstel Light,5
Nitecap,Tuborg,3
Nitecap,Leffe Blonde,4.5
Nitecap,Cheeseburger,7
Nitecap,French fries,2
Nitecap,Nachos,5
Nitecap,Chicken wings,6.5
Nitecap,Quesadilla,7
Nitecap,Onion rings,2
Nitecap,Tater tots,3
Nitecap,Mozoralla sticks,5
Nitecap,Potato skins,4
Nitecap,Pretzel,4.5
Nitecap,Coca cola,2.5
Nitecap,Sweet tea,3
Nitecap,Sprite,2.5
Nitecap,Root beer,2.5
Nitecap,Club soda,2
The Aviary NYC,Lowenbrau,4
The Aviary NYC,Sapporo,7
The Aviary NYC,Paulaner Hefe,6
The Aviary NYC,Newcastle Brown Ale,7
The Aviary NYC,OB Golden Lager,3
The Aviary NYC,Peroni,6
The Aviary NYC,Heineken,4
The Aviary NYC,Dos Equis,4.5
The Aviary NYC,Budweiser,3
The Aviary NYC,Lasko,5
The Aviary NYC,Kirin,3
The Aviary NYC,Pabst Blue Ribbon,4
The Aviary NYC,Cheeseburger,7
The Aviary NYC,French fries,2
The Aviary NYC,Nachos,5
The Aviary NYC,Chicken wings,6.5
The Aviary NYC,Quesadilla,7
The Aviary NYC,Onion rings,2
The Aviary NYC,Tater tots,3
The Aviary NYC,Mozoralla sticks,5
The Aviary NYC,Potato skins,4
The Aviary NYC,Pretzel,4.5
The Aviary NYC,Coca cola,2.5
The Aviary NYC,Sweet tea,3
The Aviary NYC,Sprite,2.5
The Aviary NYC,Root beer,2.5
The Aviary NYC,Club soda,2
Bar Goto,Pabst Blue Ribbon,7
Bar Goto,Coors,4.5
Bar Goto,Asahi,4.5
Bar Goto,OB Golden Lager,4
Bar Goto,Stiegl Bier,5
Bar Goto,Newcastle Brown Ale,4
Bar Goto,Tuborg,7
Bar Goto,San Miguel Pale Pilsen,7
Bar Goto,Union,5
Bar Goto,Lasko,4.5
Bar Goto,Cheeseburger,7
Bar Goto,French fries,2
Bar Goto,Nachos,5
Bar Goto,Chicken wings,6.5
Bar Goto,Quesadilla,7
Bar Goto,Onion rings,2
Bar Goto,Tater tots,3
Bar Goto,Mozoralla sticks,5
Bar Goto,Potato skins,4
Bar Goto,Pretzel,4.5
Bar Goto,Coca cola,2.5
Bar Goto,Sweet tea,3
Bar Goto,Sprite,2.5
Bar Goto,Root beer,2.5
Bar Goto,Club soda,2
Maison Premiere,Heineken,5
Maison Premiere,Carlsberg,4
Maison Premiere,Coors,4.5
Maison Premiere,Budweiser,3
Maison Premiere,Union,5
Maison Premiere,Leffe Blonde,3
Maison Premiere,San Miguel Pale Pilsen,7
Maison Premiere,Asahi,5
Maison Premiere,Paulaner Hefe,6.5
Maison Premiere,Cheeseburger,7
Maison Premiere,French fries,2
Maison Premiere,Nachos,5
Maison Premiere,Chicken wings,6.5
Maison Premiere,Quesadilla,7
Maison Premiere,Onion rings,2
Maison Premiere,Tater tots,3
Maison Premiere,Mozoralla sticks,5
Maison Premiere,Potato skins,4
Maison Premiere,Pretzel,4.5
Maison Premiere,Coca cola,2.5
Maison Premiere,Sweet tea,3
Maison Premiere,Sprite,2.5
Maison Premiere,Root beer,2.5
Maison Premiere,Club soda,2
Dear Irving,Kirin,4
Dear Irving,Timisoreana,3
Dear Irving,Heineken,7
Dear Irving,Sapporo,6
Dear Irving,Singha Beer,6.5
Dear Irving,Dreher,4.5
Dear Irving,San Miguel Pale Pilsen,7
Dear Irving,Birra Moretti,3
Dear Irving,Cheeseburger,7
Dear Irving,French fries,2
Dear Irving,Nachos,5
Dear Irving,Chicken wings,6.5
Dear Irving,Quesadilla,7
Dear Irving,Onion rings,2
Dear Irving,Tater tots,3
Dear Irving,Mozoralla sticks,5
Dear Irving,Potato skins,4
Dear Irving,Pretzel,4.5
Dear Irving,Coca cola,2.5
Dear Irving,Sweet tea,3
Dear Irving,Sprite,2.5
Dear Irving,Root beer,2.5
Dear Irving,Club soda,2
Primo's,Birra Moretti,6
Primo's,Paulaner Hefe,7
Primo's,Duvel,3
Primo's,Grolsch,4
Primo's,Leffe Blonde,4
Primo's,Mythos,6
Primo's,Cheeseburger,7
Primo's,French fries,2
Primo's,Nachos,5
Primo's,Chicken wings,6.5
Primo's,Quesadilla,7
Primo's,Onion rings,2
Primo's,Tater tots,3
Primo's,Mozoralla sticks,5
Primo's,Potato skins,4
Primo's,Pretzel,4.5
Primo's,Coca cola,2.5
Primo's,Sweet tea,3
Primo's,Sprite,2.5
Primo's,Root beer,2.5
Primo's,Club soda,2
Pegu Club,Ichnusa Beer,6.5
Pegu Club,Duvel,4.5
Pegu Club,Mythos,6.5
Pegu Club,Sapporo,5
Pegu Club,Guinness,3
Pegu Club,Tiger Beer,7
Pegu Club,Old Speckled Hen,5
Pegu Club,Cheeseburger,7
Pegu Club,French fries,2
Pegu Club,Nachos,5
Pegu Club,Chicken wings,6.5
Pegu Club,Quesadilla,7
Pegu Club,Onion rings,2
Pegu Club,Tater tots,3
Pegu Club,Mozoralla sticks,5
Pegu Club,Potato skins,4
Pegu Club,Pretzel,4.5
Pegu Club,Coca cola,2.5
Pegu Club,Sweet tea,3
Pegu Club,Sprite,2.5
Pegu Club,Root beer,2.5
Pegu Club,Club soda,2
Angel's Share,OB Golden Lager,6
Angel's Share,Hite,5
Angel's Share,Pilsner Urquell,6
Angel's Share,Singha Beer,7
Angel's Share,Labatts Blue,4
Angel's Share,Stiegl Bier,4.5
Angel's Share,Pabst Blue Ribbon,7
Angel's Share,Duvel,4.5
Angel's Share,Carling Black Label,7
Angel's Share,Mythos,5
Angel's Share,Harp Lager,6
Angel's Share,Kirin,5
Angel's Share,Cheeseburger,7
Angel's Share,French fries,2
Angel's Share,Nachos,5
Angel's Share,Chicken wings,6.5
Angel's Share,Quesadilla,7
Angel's Share,Onion rings,2
Angel's Share,Tater tots,3
Angel's Share,Mozoralla sticks,5
Angel's Share,Potato skins,4
Angel's Share,Pretzel,4.5
Angel's Share,Coca cola,2.5
Angel's Share,Sweet tea,3
Angel's Share,Sprite,2.5
Angel's Share,Root beer,2.5
Angel's Share,Club soda,2
Until Tomorrow,Tuborg,6
Until Tomorrow,OB Golden Lager,5
Until Tomorrow,Kronenbourg,4
Until Tomorrow,Carling Black Label,5
Until Tomorrow,Birra Moretti,4
Until Tomorrow,Chimay Blue Top,6
Until Tomorrow,Ichnusa Beer,6
Until Tomorrow,Asahi,6
Until Tomorrow,Erdinger Pikantus,4
Until Tomorrow,Labatts Blue,4.5
Until Tomorrow,Cheeseburger,7
Until Tomorrow,French fries,2
Until Tomorrow,Nachos,5
Until Tomorrow,Chicken wings,6.5
Until Tomorrow,Quesadilla,7
Until Tomorrow,Onion rings,2
Until Tomorrow,Tater tots,3
Until Tomorrow,Mozoralla sticks,5
Until Tomorrow,Potato skins,4
Until Tomorrow,Pretzel,4.5
Until Tomorrow,Coca cola,2.5
Until Tomorrow,Sweet tea,3
Until Tomorrow,Sprite,2.5
Until Tomorrow,Root beer,2.5
Until Tomorrow,Club soda,2
Employees Only,Harp Lager,4.5
Employees Only,Pilsner Urquell,3
Employees Only,Duvel,6
Employees Only,Pabst Blue Ribbon,7
Employees Only,Efes Dark,5
Employees Only,Lowenbrau,4.5
Employees Only,Caffrey's,5
Employees Only,OB Golden Lager,4.5
Employees Only,San Miguel Pale Pilsen,4
Employees Only,Gambrinus Premium,6.5
Employees Only,Timisoreana,3
Employees Only,Cheeseburger,7
Employees Only,French fries,2
Employees Only,Nachos,5
Employees Only,Chicken wings,6.5
Employees Only,Quesadilla,7
Employees Only,Onion rings,2
Employees Only,Tater tots,3
Employees Only,Mozoralla sticks,5
Employees Only,Potato skins,4
Employees Only,Pretzel,4.5
Employees Only,Coca cola,2.5
Employees Only,Sweet tea,3
Employees Only,Sprite,2.5
Employees Only,Root beer,2.5
Employees Only,Club soda,2
The Honeywell,Coreff Ambree,5
The Honeywell,Paulaner Hefe,6.5
The Honeywell,Old Speckled Hen,7
The Honeywell,Cass,6
The Honeywell,Harp Lager,5
The Honeywell,Tiger Beer,5
The Honeywell,Lasko,4
The Honeywell,Peroni,6.5
The Honeywell,Labatts Blue,5
The Honeywell,Cheeseburger,7
The Honeywell,French fries,2
The Honeywell,Nachos,5
The Honeywell,Chicken wings,6.5
The Honeywell,Quesadilla,7
The Honeywell,Onion rings,2
The Honeywell,Tater tots,3
The Honeywell,Mozoralla sticks,5
The Honeywell,Potato skins,4
The Honeywell,Pretzel,4.5
The Honeywell,Coca cola,2.5
The Honeywell,Sweet tea,3
The Honeywell,Sprite,2.5
The Honeywell,Root beer,2.5
The Honeywell,Club soda,2
McSorley's Old Ale House,Leffe Blonde,5
McSorley's Old Ale House,Cass,6.5
McSorley's Old Ale House,OB Golden Lager,4
McSorley's Old Ale House,Tsingtao,3
McSorley's Old Ale House,Heineken,6.5
McSorley's Old Ale House,Amstel Light,6.5
McSorley's Old Ale House,Stiegl Bier,4.5
McSorley's Old Ale House,Budvar Svetly Lezak,6
McSorley's Old Ale House,Hite,5
McSorley's Old Ale House,Lowenbrau,4
McSorley's Old Ale House,Ichnusa Beer,4.5
McSorley's Old Ale House,Dos Equis,3
McSorley's Old Ale House,Tuborg,4
McSorley's Old Ale House,Cheeseburger,7
McSorley's Old Ale House,French fries,2
McSorley's Old Ale House,Nachos,5
McSorley's Old Ale House,Chicken wings,6.5
McSorley's Old Ale House,Quesadilla,7
McSorley's Old Ale House,Onion rings,2
McSorley's Old Ale House,Tater tots,3
McSorley's Old Ale House,Mozoralla sticks,5
McSorley's Old Ale House,Potato skins,4
McSorley's Old Ale House,Pretzel,4.5
McSorley's Old Ale House,Coca cola,2.5
McSorley's Old Ale House,Sweet tea,3
McSorley's Old Ale House,Sprite,2.5
McSorley's Old Ale House,Root beer,2.5
McSorley's Old Ale House,Club soda,2
PDT,Stiegl Bier,4
PDT,Hite,7
PDT,Kirin,4.5
PDT,Paulaner Hefe,4.5
PDT,Dos Equis,4
PDT,Carling Black Label,4.5
PDT,Cass,3
PDT,Cheeseburger,7
PDT,French fries,2
PDT,Nachos,5
PDT,Chicken wings,6.5
PDT,Quesadilla,7
PDT,Onion rings,2
PDT,Tater tots,3
PDT,Mozoralla sticks,5
PDT,Potato skins,4
PDT,Pretzel,4.5
PDT,Coca cola,2.5
PDT,Sweet tea,3
PDT,Sprite,2.5
PDT,Root beer,2.5
PDT,Club soda,2
Aldo Sohm Wine Bar,Dreher,4.5
Aldo Sohm Wine Bar,Grolsch,3
Aldo Sohm Wine Bar,Lasko,7
Aldo Sohm Wine Bar,Carlsberg,7
Aldo Sohm Wine Bar,Duvel,4
Aldo Sohm Wine Bar,Tsingtao,3
Aldo Sohm Wine Bar,Cheeseburger,7
Aldo Sohm Wine Bar,French fries,2
Aldo Sohm Wine Bar,Nachos,5
Aldo Sohm Wine Bar,Chicken wings,6.5
Aldo Sohm Wine Bar,Quesadilla,7
Aldo Sohm Wine Bar,Onion rings,2
Aldo Sohm Wine Bar,Tater tots,3
Aldo Sohm Wine Bar,Mozoralla sticks,5
Aldo Sohm Wine Bar,Potato skins,4
Aldo Sohm Wine Bar,Pretzel,4.5
Aldo Sohm Wine Bar,Coca cola,2.5
Aldo Sohm Wine Bar,Sweet tea,3
Aldo Sohm Wine Bar,Sprite,2.5
Aldo Sohm Wine Bar,Root beer,2.5
Aldo Sohm Wine Bar,Club soda,2
Raines Law Room,Old Speckled Hen,3
Raines Law Room,Efes Dark,7
Raines Law Room,Grolsch,7
Raines Law Room,Tecate,4.5
Raines Law Room,OB Golden Lager,4
Raines Law Room,Lasko,3
Raines Law Room,Tiger Beer,6
Raines Law Room,Dreher,7
Raines Law Room,Chimay Blue Top,3
Raines Law Room,Pilsner Urquell,6.5
Raines Law Room,Pabst Blue Ribbon,4
Raines Law Room,Guinness,6
Raines Law Room,Cass,4
Raines Law Room,Cheeseburger,7
Raines Law Room,French fries,2
Raines Law Room,Nachos,5
Raines Law Room,Chicken wings,6.5
Raines Law Room,Quesadilla,7
Raines Law Room,Onion rings,2
Raines Law Room,Tater tots,3
Raines Law Room,Mozoralla sticks,5
Raines Law Room,Potato skins,4
Raines Law Room,Pretzel,4.5
Raines Law Room,Coca cola,2.5
Raines Law Room,Sweet tea,3
Raines Law Room,Sprite,2.5
Raines Law Room,Root beer,2.5
Raines Law Room,Club soda,2
Blind Tiger Ale House,Guinness,6.5
Blind Tiger Ale House,Heineken,3
Blind Tiger Ale House,Grolsch,4.5
Blind Tiger Ale House,Duvel,7
Blind Tiger Ale House,Lasko,6.5
Blind Tiger Ale House,Tecate,6
Blind Tiger Ale House,Harp Lager,3
Blind Tiger Ale House,Gambrinus Premium,6.5
Blind Tiger Ale House,Mythos,3
Blind Tiger Ale House,Ichnusa Beer,5
Blind Tiger Ale House,Stiegl Bier,6.5
Blind Tiger Ale House,Cheeseburger,7
Blind Tiger Ale House,French fries,2
Blind Tiger Ale House,Nachos,5
Blind Tiger Ale House,Chicken wings,6.5
Blind Tiger Ale House,Quesadilla,7
Blind Tiger Ale House,Onion rings,2
Blind Tiger Ale House,Tater tots,3
Blind Tiger Ale House,Mozoralla sticks,5
Blind Tiger Ale House,Potato skins,4
Blind Tiger Ale House,Pretzel,4.5
Blind Tiger Ale House,Coca cola,2.5
Blind Tiger Ale House,Sweet tea,3
Blind Tiger Ale House,Sprite,2.5
Blind Tiger Ale House,Root beer,2.5
Blind Tiger Ale House,Club soda,2
Holiday Cocktail Lounge,Kronenbourg,4.5
Holiday Cocktail Lounge,Peroni,4
Holiday Cocktail Lounge,Guinness,7
Holiday Cocktail Lounge,Tsingtao,7
Holiday Cocktail Lounge,Birra Moretti,6.5
Holiday Cocktail Lounge,Coreff Ambree,7
Holiday Cocktail Lounge,Cass,5
Holiday Cocktail Lounge,Cheeseburger,7
Holiday Cocktail Lounge,French fries,2
Holiday Cocktail Lounge,Nachos,5
Holiday Cocktail Lounge,Chicken wings,6.5
Holiday Cocktail Lounge,Quesadilla,7
Holiday Cocktail Lounge,Onion rings,2
Holiday Cocktail Lounge,Tater tots,3
Holiday Cocktail Lounge,Mozoralla sticks,5
Holiday Cocktail Lounge,Potato skins,4
Holiday Cocktail Lounge,Pretzel,4.5
Holiday Cocktail Lounge,Coca cola,2.5
Holiday Cocktail Lounge,Sweet tea,3
Holiday Cocktail Lounge,Sprite,2.5
Holiday Cocktail Lounge,Root beer,2.5
Holiday Cocktail Lounge,Club soda,2
Dutch Kills,Budweiser,6
Dutch Kills,Lowenbrau,6
Dutch Kills,Coreff Ambree,4.5
Dutch Kills,Tecate,7
Dutch Kills,Chimay Blue Top,5
Dutch Kills,Tiger Beer,7
Dutch Kills,Mythos,4.5
Dutch Kills,Newcastle Brown Ale,6.5
Dutch Kills,Warsteiner,6.5
Dutch Kills,Asahi,7
Dutch Kills,Cheeseburger,7
Dutch Kills,French fries,2
Dutch Kills,Nachos,5
Dutch Kills,Chicken wings,6.5
Dutch Kills,Quesadilla,7
Dutch Kills,Onion rings,2
Dutch Kills,Tater tots,3
Dutch Kills,Mozoralla sticks,5
Dutch Kills,Potato skins,4
Dutch Kills,Pretzel,4.5
Dutch Kills,Coca cola,2.5
Dutch Kills,Sweet tea,3
Dutch Kills,Sprite,2.5
Dutch Kills,Root beer,2.5
Dutch Kills,Club soda,2
Broken Shaker,Chimay Blue Top,5
Broken Shaker,Union,4.5
Broken Shaker,Paulaner Hefe,5
Broken Shaker,Stiegl Bier,6.5
Broken Shaker,Heineken,6
Broken Shaker,Dreher,4.5
Broken Shaker,Warsteiner,5
Broken Shaker,Tsingtao,7
Broken Shaker,Peroni,7
Broken Shaker,Cheeseburger,7
Broken Shaker,French fries,2
Broken Shaker,Nachos,5
Broken Shaker,Chicken wings,6.5
Broken Shaker,Quesadilla,7
Broken Shaker,Onion rings,2
Broken Shaker,Tater tots,3
Broken Shaker,Mozoralla sticks,5
Broken Shaker,Potato skins,4
Broken Shaker,Pretzel,4.5
Broken Shaker,Coca cola,2.5
Broken Shaker,Sweet tea,3
Broken Shaker,Sprite,2.5
Broken Shaker,Root beer,2.5
Broken Shaker,Club soda,2
Slowly Shirley,Dreher,6.5
Slowly Shirley,Budvar Svetly Lezak,4
Slowly Shirley,OB Golden Lager,5
Slowly Shirley,Carlsberg,7
Slowly Shirley,San Miguel Pale Pilsen,6
Slowly Shirley,Stiegl Bier,4.5
Slowly Shirley,Dos Equis,7
Slowly Shirley,Pilsner Urquell,4.5
Slowly Shirley,Cheeseburger,7
Slowly Shirley,French fries,2
Slowly Shirley,Nachos,5
Slowly Shirley,Chicken wings,6.5
Slowly Shirley,Quesadilla,7
Slowly Shirley,Onion rings,2
Slowly Shirley,Tater tots,3
Slowly Shirley,Mozoralla sticks,5
Slowly Shirley,Potato skins,4
Slowly Shirley,Pretzel,4.5
Slowly Shirley,Coca cola,2.5
Slowly Shirley,Sweet tea,3
Slowly Shirley,Sprite,2.5
Slowly Shirley,Root beer,2.5
Slowly Shirley,Club soda,2
Ghost Donkey,Dos Equis,3
Ghost Donkey,Cass,6.5
Ghost Donkey,Birra Moretti,3
Ghost Donkey,Old Speckled Hen,7
Ghost Donkey,Peroni,3
Ghost Donkey,Dreher,6
Ghost Donkey,Amstel Light,4
Ghost Donkey,Stiegl Bier,4
Ghost Donkey,Paulaner Hefe,5
Ghost Donkey,Singha Beer,7
Ghost Donkey,Pilsner Urquell,6.5
Ghost Donkey,Cheeseburger,7
Ghost Donkey,French fries,2
Ghost Donkey,Nachos,5
Ghost Donkey,Chicken wings,6.5
Ghost Donkey,Quesadilla,7
Ghost Donkey,Onion rings,2
Ghost Donkey,Tater tots,3
Ghost Donkey,Mozoralla sticks,5
Ghost Donkey,Potato skins,4
Ghost Donkey,Pretzel,4.5
Ghost Donkey,Coca cola,2.5
Ghost Donkey,Sweet tea,3
Ghost Donkey,Sprite,2.5
Ghost Donkey,Root beer,2.5
Ghost Donkey,Club soda,2
Mayahuel,Newcastle Brown Ale,7
Mayahuel,Tiger Beer,5
Mayahuel,Coreff Ambree,6
Mayahuel,Kirin,7
Mayahuel,Chimay Blue Top,7
Mayahuel,Birra Moretti,6
Mayahuel,Leffe Blonde,3
Mayahuel,Singha Beer,6.5
Mayahuel,OB Golden Lager,7
Mayahuel,Peroni,3
Mayahuel,Carlsberg,4.5
Mayahuel,Cheeseburger,7
Mayahuel,French fries,2
Mayahuel,Nachos,5
Mayahuel,Chicken wings,6.5
Mayahuel,Quesadilla,7
Mayahuel,Onion rings,2
Mayahuel,Tater tots,3
Mayahuel,Mozoralla sticks,5
Mayahuel,Potato skins,4
Mayahuel,Pretzel,4.5
Mayahuel,Coca cola,2.5
Mayahuel,Sweet tea,3
Mayahuel,Sprite,2.5
Mayahuel,Root beer,2.5
Mayahuel,Club soda,2
Apotheke,Harp Lager,4
Apotheke,Tsingtao,3
Apotheke,OB Golden Lager,6.5
Apotheke,Guinness,6.5
Apotheke,Efes Dark,5
Apotheke,Labatts Blue,5
Apotheke,Birra Moretti,4
Apotheke,Leffe Blonde,5
Apotheke,Cheeseburger,7
Apotheke,French fries,2
Apotheke,Nachos,5
Apotheke,Chicken wings,6.5
Apotheke,Quesadilla,7
Apotheke,Onion rings,2
Apotheke,Tater tots,3
Apotheke,Mozoralla sticks,5
Apotheke,Potato skins,4
Apotheke,Pretzel,4.5
Apotheke,Coca cola,2.5
Apotheke,Sweet tea,3
Apotheke,Sprite,2.5
Apotheke,Root beer,2.5
Apotheke,Club soda,2
Little Branch,Cass,3
Little Branch,Newcastle Brown Ale,4.5
Little Branch,Dreher,6
Little Branch,Guinness,3
Little Branch,Mythos,6
Little Branch,Duvel,4
Little Branch,Coors,3
Little Branch,Pilsner Urquell,4.5
Little Branch,Cheeseburger,7
Little Branch,French fries,2
Little Branch,Nachos,5
Little Branch,Chicken wings,6.5
Little Branch,Quesadilla,7
Little Branch,Onion rings,2
Little Branch,Tater tots,3
Little Branch,Mozoralla sticks,5
Little Branch,Potato skins,4
Little Branch,Pretzel,4.5
Little Branch,Coca cola,2.5
Little Branch,Sweet tea,3
Little Branch,Sprite,2.5
Little Branch,Root beer,2.5
Little Branch,Club soda,2
Amor y Amargo,Grolsch,7
Amor y Amargo,Heineken,6.5
Amor y Amargo,Amstel Light,3
Amor y Amargo,OB Golden Lager,4.5
Amor y Amargo,Newcastle Brown Ale,5
Amor y Amargo,Dos Equis,4
Amor y Amargo,Old Speckled Hen,3
Amor y Amargo,Cheeseburger,7
Amor y Amargo,French fries,2
Amor y Amargo,Nachos,5
Amor y Amargo,Chicken wings,6.5
Amor y Amargo,Quesadilla,7
Amor y Amargo,Onion rings,2
Amor y Amargo,Tater tots,3
Amor y Amargo,Mozoralla sticks,5
Amor y Amargo,Potato skins,4
Amor y Amargo,Pretzel,4.5
Amor y Amargo,Coca cola,2.5
Amor y Amargo,Sweet tea,3
Amor y Amargo,Sprite,2.5
Amor y Amargo,Root beer,2.5
Amor y Amargo,Club soda,2
d.b.a.,Chimay Blue Top,4.5
d.b.a.,Efes Dark,6
d.b.a.,Coors,6
d.b.a.,Timisoreana,6
d.b.a.,Lasko,4
d.b.a.,Carling Black Label,7
d.b.a.,Coreff Ambree,7
d.b.a.,Sapporo,6
d.b.a.,Peroni,6
d.b.a.,Kirin,7
d.b.a.,Tuborg,7
d.b.a.,Cheeseburger,7
d.b.a.,French fries,2
d.b.a.,Nachos,5
d.b.a.,Chicken wings,6.5
d.b.a.,Quesadilla,7
d.b.a.,Onion rings,2
d.b.a.,Tater tots,3
d.b.a.,Mozoralla sticks,5
d.b.a.,Potato skins,4
d.b.a.,Pretzel,4.5
d.b.a.,Coca cola,2.5
d.b.a.,Sweet tea,3
d.b.a.,Sprite,2.5
d.b.a.,Root beer,2.5
d.b.a.,Club soda,2
Orange Street,Kirin,5
Orange Street,Timisoreana,7
Orange Street,Harp Lager,3
Orange Street,Chimay Blue Top,7
Orange Street,Lasko,4.5
Orange Street,Newcastle Brown Ale,6
Orange Street,Warsteiner,5
Orange Street,Cheeseburger,7
Orange Street,French fries,2
Orange Street,Nachos,5
Orange Street,Chicken wings,6.5
Orange Street,Quesadilla,7
Orange Street,Onion rings,2
Orange Street,Tater tots,3
Orange Street,Mozoralla sticks,5
Orange Street,Potato skins,4
Orange Street,Pretzel,4.5
Orange Street,Coca cola,2.5
Orange Street,Sweet tea,3
Orange Street,Sprite,2.5
Orange Street,Root beer,2.5
Orange Street,Club soda,2
Bemelmans Bar,OB Golden Lager,7
Bemelmans Bar,Timisoreana,5
Bemelmans Bar,Carlsberg,4.5
Bemelmans Bar,Lasko,3
Bemelmans Bar,Warsteiner,6
Bemelmans Bar,Tsingtao,7
Bemelmans Bar,Budweiser,3
Bemelmans Bar,Peroni,5
Bemelmans Bar,Cass,5
Bemelmans Bar,Cheeseburger,7
Bemelmans Bar,French fries,2
Bemelmans Bar,Nachos,5
Bemelmans Bar,Chicken wings,6.5
Bemelmans Bar,Quesadilla,7
Bemelmans Bar,Onion rings,2
Bemelmans Bar,Tater tots,3
Bemelmans Bar,Mozoralla sticks,5
Bemelmans Bar,Potato skins,4
Bemelmans Bar,Pretzel,4.5
Bemelmans Bar,Coca cola,2.5
Bemelmans Bar,Sweet tea,3
Bemelmans Bar,Sprite,2.5
Bemelmans Bar,Root beer,2.5
Bemelmans Bar,Club soda,2
Leyenda,Coors,6.5
Leyenda,San Miguel Pale Pilsen,6.5
Leyenda,Tuborg,4.5
Leyenda,Sapporo,6
Leyenda,Union,7
Leyenda,Timisoreana,3
Leyenda,Budweiser,4
Leyenda,Mythos,5
Leyenda,Newcastle Brown Ale,3
Leyenda,Carlsberg,4.5
Leyenda,Amstel Light,5
Leyenda,Heineken,4.5
Leyenda,Cheeseburger,7
Leyenda,French fries,2
Leyenda,Nachos,5
Leyenda,Chicken wings,6.5
Leyenda,Quesadilla,7
Leyenda,Onion rings,2
Leyenda,Tater tots,3
Leyenda,Mozoralla sticks,5
Leyenda,Potato skins,4
Leyenda,Pretzel,4.5
Leyenda,Coca cola,2.5
Leyenda,Sweet tea,3
Leyenda,Sprite,2.5
Leyenda,Root beer,2.5
Leyenda,Club soda,2
The Long Island Bar,Hite,7
The Long Island Bar,Kirin,5
The Long Island Bar,Pabst Blue Ribbon,3
The Long Island Bar,Old Speckled Hen,3
The Long Island Bar,Stiegl Bier,6.5
The Long Island Bar,Pilsner Urquell,6.5
The Long Island Bar,Guinness,6
The Long Island Bar,Tuborg,5
The Long Island Bar,Cheeseburger,7
The Long Island Bar,French fries,2
The Long Island Bar,Nachos,5
The Long Island Bar,Chicken wings,6.5
The Long Island Bar,Quesadilla,7
The Long Island Bar,Onion rings,2
The Long Island Bar,Tater tots,3
The Long Island Bar,Mozoralla sticks,5
The Long Island Bar,Potato skins,4
The Long Island Bar,Pretzel,4.5
The Long Island Bar,Coca cola,2.5
The Long Island Bar,Sweet tea,3
The Long Island Bar,Sprite,2.5
The Long Island Bar,Root beer,2.5
The Long Island Bar,Club soda,2
Alewife Queens,Warsteiner,7
Alewife Queens,OB Golden Lager,7
Alewife Queens,Union,6.5
Alewife Queens,Sapporo,7
Alewife Queens,Labatts Blue,7
Alewife Queens,Coors,4.5
Alewife Queens,Gambrinus Premium,7
Alewife Queens,Cheeseburger,7
Alewife Queens,French fries,2
Alewife Queens,Nachos,5
Alewife Queens,Chicken wings,6.5
Alewife Queens,Quesadilla,7
Alewife Queens,Onion rings,2
Alewife Queens,Tater tots,3
Alewife Queens,Mozoralla sticks,5
Alewife Queens,Potato skins,4
Alewife Queens,Pretzel,4.5
Alewife Queens,Coca cola,2.5
Alewife Queens,Sweet tea,3
Alewife Queens,Sprite,2.5
Alewife Queens,Root beer,2.5
Alewife Queens,Club soda,2
Grand Banks,Old Speckled Hen,4.5
Grand Banks,Asahi,3
Grand Banks,Erdinger Pikantus,7
Grand Banks,Tecate,7
Grand Banks,Pilsner Urquell,7
Grand Banks,Union,6.5
Grand Banks,Lasko,6.5
Grand Banks,Grolsch,7
Grand Banks,Amstel Light,4.5
Grand Banks,Cheeseburger,7
Grand Banks,French fries,2
Grand Banks,Nachos,5
Grand Banks,Chicken wings,6.5
Grand Banks,Quesadilla,7
Grand Banks,Onion rings,2
Grand Banks,Tater tots,3
Grand Banks,Mozoralla sticks,5
Grand Banks,Potato skins,4
Grand Banks,Pretzel,4.5
Grand Banks,Coca cola,2.5
Grand Banks,Sweet tea,3
Grand Banks,Sprite,2.5
Grand Banks,Root beer,2.5
Grand Banks,Club soda,2
Sugar East,Paulaner Hefe,5
Sugar East,Singha Beer,4.5
Sugar East,Tiger Beer,4
Sugar East,Dreher,3
Sugar East,Lasko,6
Sugar East,Asahi,4.5
Sugar East,Cheeseburger,7
Sugar East,French fries,2
Sugar East,Nachos,5
Sugar East,Chicken wings,6.5
Sugar East,Quesadilla,7
Sugar East,Onion rings,2
Sugar East,Tater tots,3
Sugar East,Mozoralla sticks,5
Sugar East,Potato skins,4
Sugar East,Pretzel,4.5
Sugar East,Coca cola,2.5
Sugar East,Sweet tea,3
Sugar East,Sprite,2.5
Sugar East,Root beer,2.5
Sugar East,Club soda,2
The Wayland,Duvel,4.5
The Wayland,Gambrinus Premium,6.5
The Wayland,Paulaner Hefe,6
The Wayland,Old Speckled Hen,4.5
The Wayland,Birra Moretti,4.5
The Wayland,Cheeseburger,7
The Wayland,French fries,2
The Wayland,Nachos,5
The Wayland,Chicken wings,6.5
The Wayland,Quesadilla,7
The Wayland,Onion rings,2
The Wayland,Tater tots,3
The Wayland,Mozoralla sticks,5
The Wayland,Potato skins,4
The Wayland,Pretzel,4.5
The Wayland,Coca cola,2.5
The Wayland,Sweet tea,3
The Wayland,Sprite,2.5
The Wayland,Root beer,2.5
The Wayland,Club soda,2
Copper & Oak,Union,7
Copper & Oak,Paulaner Hefe,6.5
Copper & Oak,Sapporo,6
Copper & Oak,Gambrinus Premium,4
Copper & Oak,Pilsner Urquell,4.5
Copper & Oak,Cheeseburger,7
Copper & Oak,French fries,2
Copper & Oak,Nachos,5
Copper & Oak,Chicken wings,6.5
Copper & Oak,Quesadilla,7
Copper & Oak,Onion rings,2
Copper & Oak,Tater tots,3
Copper & Oak,Mozoralla sticks,5
Copper & Oak,Potato skins,4
Copper & Oak,Pretzel,4.5
Copper & Oak,Coca cola,2.5
Copper & Oak,Sweet tea,3
Copper & Oak,Sprite,2.5
Copper & Oak,Root beer,2.5
Copper & Oak,Club soda,2
Lucy's a.k.a. Blanche's Tavern,Efes Dark,4.5
Lucy's a.k.a. Blanche's Tavern,Cass,4.5
Lucy's a.k.a. Blanche's Tavern,Asahi,6
Lucy's a.k.a. Blanche's Tavern,Tiger Beer,6
Lucy's a.k.a. Blanche's Tavern,Kirin,3
Lucy's a.k.a. Blanche's Tavern,Cheeseburger,7
Lucy's a.k.a. Blanche's Tavern,French fries,2
Lucy's a.k.a. Blanche's Tavern,Nachos,5
Lucy's a.k.a. Blanche's Tavern,Chicken wings,6.5
Lucy's a.k.a. Blanche's Tavern,Quesadilla,7
Lucy's a.k.a. Blanche's Tavern,Onion rings,2
Lucy's a.k.a. Blanche's Tavern,Tater tots,3
Lucy's a.k.a. Blanche's Tavern,Mozoralla sticks,5
Lucy's a.k.a. Blanche's Tavern,Potato skins,4
Lucy's a.k.a. Blanche's Tavern,Pretzel,4.5
Lucy's a.k.a. Blanche's Tavern,Coca cola,2.5
Lucy's a.k.a. Blanche's Tavern,Sweet tea,3
Lucy's a.k.a. Blanche's Tavern,Sprite,2.5
Lucy's a.k.a. Blanche's Tavern,Root beer,2.5
Lucy's a.k.a. Blanche's Tavern,Club soda,2
The Pool Lounge,Warsteiner,4
The Pool Lounge,Tuborg,5
The Pool Lounge,Hite,3
The Pool Lounge,Chimay Blue Top,4
The Pool Lounge,Gambrinus Premium,3
The Pool Lounge,Guinness,7
The Pool Lounge,Old Speckled Hen,5
The Pool Lounge,Newcastle Brown Ale,4.5
The Pool Lounge,Cheeseburger,7
The Pool Lounge,French fries,2
The Pool Lounge,Nachos,5
The Pool Lounge,Chicken wings,6.5
The Pool Lounge,Quesadilla,7
The Pool Lounge,Onion rings,2
The Pool Lounge,Tater tots,3
The Pool Lounge,Mozoralla sticks,5
The Pool Lounge,Potato skins,4
The Pool Lounge,Pretzel,4.5
The Pool Lounge,Coca cola,2.5
The Pool Lounge,Sweet tea,3
The Pool Lounge,Sprite,2.5
The Pool Lounge,Root beer,2.5
The Pool Lounge,Club soda,2
Donna,Dreher,6.5
Donna,Singha Beer,5
Donna,Erdinger Pikantus,6
Donna,Duvel,4.5
Donna,Chimay Blue Top,6
Donna,Carlsberg,6
Donna,Amstel Light,6.5
Donna,Asahi,4.5
Donna,Hite,5
Donna,Paulaner Hefe,7
Donna,Newcastle Brown Ale,4
Donna,Cheeseburger,7
Donna,French fries,2
Donna,Nachos,5
Donna,Chicken wings,6.5
Donna,Quesadilla,7
Donna,Onion rings,2
Donna,Tater tots,3
Donna,Mozoralla sticks,5
Donna,Potato skins,4
Donna,Pretzel,4.5
Donna,Coca cola,2.5
Donna,Sweet tea,3
Donna,Sprite,2.5
Donna,Root beer,2.5
Donna,Club soda,2
Barcade,Grolsch,4.5
Barcade,Labatts Blue,4.5
Barcade,Ichnusa Beer,3
Barcade,Timisoreana,3
Barcade,Budvar Svetly Lezak,6.5
Barcade,Cheeseburger,7
Barcade,French fries,2
Barcade,Nachos,5
Barcade,Chicken wings,6.5
Barcade,Quesadilla,7
Barcade,Onion rings,2
Barcade,Tater tots,3
Barcade,Mozoralla sticks,5
Barcade,Potato skins,4
Barcade,Pretzel,4.5
Barcade,Coca cola,2.5
Barcade,Sweet tea,3
Barcade,Sprite,2.5
Barcade,Root beer,2.5
Barcade,Club soda,2
The Counting Room,Grolsch,4
The Counting Room,Pabst Blue Ribbon,3
The Counting Room,San Miguel Pale Pilsen,4.5
The Counting Room,Asahi,7
The Counting Room,Efes Dark,5
The Counting Room,Cheeseburger,7
The Counting Room,French fries,2
The Counting Room,Nachos,5
The Counting Room,Chicken wings,6.5
The Counting Room,Quesadilla,7
The Counting Room,Onion rings,2
The Counting Room,Tater tots,3
The Counting Room,Mozoralla sticks,5
The Counting Room,Potato skins,4
The Counting Room,Pretzel,4.5
The Counting Room,Coca cola,2.5
The Counting Room,Sweet tea,3
The Counting Room,Sprite,2.5
The Counting Room,Root beer,2.5
The Counting Room,Club soda,2
Old Town Bar,Pabst Blue Ribbon,4
Old Town Bar,Caffrey's,3
Old Town Bar,Coreff Ambree,4
Old Town Bar,Asahi,4.5
Old Town Bar,Timisoreana,5
Old Town Bar,Gambrinus Premium,4.5
Old Town Bar,Stiegl Bier,6.5
Old Town Bar,Kirin,6.5
Old Town Bar,OB Golden Lager,6
Old Town Bar,Union,7
Old Town Bar,Cheeseburger,7
Old Town Bar,French fries,2
Old Town Bar,Nachos,5
Old Town Bar,Chicken wings,6.5
Old Town Bar,Quesadilla,7
Old Town Bar,Onion rings,2
Old Town Bar,Tater tots,3
Old Town Bar,Mozoralla sticks,5
Old Town Bar,Potato skins,4
Old Town Bar,Pretzel,4.5
Old Town Bar,Coca cola,2.5
Old Town Bar,Sweet tea,3
Old Town Bar,Sprite,2.5
Old Town Bar,Root beer,2.5
Old Town Bar,Club soda,2
169 Bar,Tsingtao,6
169 Bar,Kronenbourg,6.5
169 Bar,Harp Lager,4.5
169 Bar,Pilsner Urquell,3
169 Bar,Amstel Light,4.5
169 Bar,Cheeseburger,7
169 Bar,French fries,2
169 Bar,Nachos,5
169 Bar,Chicken wings,6.5
169 Bar,Quesadilla,7
169 Bar,Onion rings,2
169 Bar,Tater tots,3
169 Bar,Mozoralla sticks,5
169 Bar,Potato skins,4
169 Bar,Pretzel,4.5
169 Bar,Coca cola,2.5
169 Bar,Sweet tea,3
169 Bar,Sprite,2.5
169 Bar,Root beer,2.5
169 Bar,Club soda,2
7B,Labatts Blue,5
7B,Tsingtao,6.5
7B,Lasko,5
7B,Caffrey's,4
7B,San Miguel Pale Pilsen,4
7B,Tecate,4.5
7B,Budvar Svetly Lezak,6.5
7B,Kronenbourg,7
7B,Union,6
7B,Cheeseburger,7
7B,French fries,2
7B,Nachos,5
7B,Chicken wings,6.5
7B,Quesadilla,7
7B,Onion rings,2
7B,Tater tots,3
7B,Mozoralla sticks,5
7B,Potato skins,4
7B,Pretzel,4.5
7B,Coca cola,2.5
7B,Sweet tea,3
7B,Sprite,2.5
7B,Root beer,2.5
7B,Club soda,2
ABC Beer Co.,Coreff Ambree,7
ABC Beer Co.,Caffrey's,6.5
ABC Beer Co.,Singha Beer,7
ABC Beer Co.,Budweiser,7
ABC Beer Co.,Duvel,3
ABC Beer Co.,Asahi,4.5
ABC Beer Co.,Mythos,4
ABC Beer Co.,Dreher,7
ABC Beer Co.,Dos Equis,7
ABC Beer Co.,Cheeseburger,7
ABC Beer Co.,French fries,2
ABC Beer Co.,Nachos,5
ABC Beer Co.,Chicken wings,6.5
ABC Beer Co.,Quesadilla,7
ABC Beer Co.,Onion rings,2
ABC Beer Co.,Tater tots,3
ABC Beer Co.,Mozoralla sticks,5
ABC Beer Co.,Potato skins,4
ABC Beer Co.,Pretzel,4.5
ABC Beer Co.,Coca cola,2.5
ABC Beer Co.,Sweet tea,3
ABC Beer Co.,Sprite,2.5
ABC Beer Co.,Root beer,2.5
ABC Beer Co.,Club soda,2
Rudy's,Guinness,4
Rudy's,Caffrey's,7
Rudy's,Lowenbrau,6.5
Rudy's,Budvar Svetly Lezak,5
Rudy's,Asahi,5
Rudy's,Stiegl Bier,4.5
Rudy's,Coreff Ambree,5
Rudy's,Paulaner Hefe,5
Rudy's,Budweiser,6.5
Rudy's,Efes Dark,6.5
Rudy's,Cheeseburger,7
Rudy's,French fries,2
Rudy's,Nachos,5
Rudy's,Chicken wings,6.5
Rudy's,Quesadilla,7
Rudy's,Onion rings,2
Rudy's,Tater tots,3
Rudy's,Mozoralla sticks,5
Rudy's,Potato skins,4
Rudy's,Pretzel,4.5
Rudy's,Coca cola,2.5
Rudy's,Sweet tea,3
Rudy's,Sprite,2.5
Rudy's,Root beer,2.5
Rudy's,Club soda,2
Bar Sixtyfive,Pabst Blue Ribbon,7
Bar Sixtyfive,Tecate,6
Bar Sixtyfive,Cass,5
Bar Sixtyfive,Old Speckled Hen,4.5
Bar Sixtyfive,Carling Black Label,3
Bar Sixtyfive,Carlsberg,7
Bar Sixtyfive,Dreher,6.5
Bar Sixtyfive,Erdinger Pikantus,4
Bar Sixtyfive,Mythos,6.5
Bar Sixtyfive,Cheeseburger,7
Bar Sixtyfive,French fries,2
Bar Sixtyfive,Nachos,5
Bar Sixtyfive,Chicken wings,6.5
Bar Sixtyfive,Quesadilla,7
Bar Sixtyfive,Onion rings,2
Bar Sixtyfive,Tater tots,3
Bar Sixtyfive,Mozoralla sticks,5
Bar Sixtyfive,Potato skins,4
Bar Sixtyfive,Pretzel,4.5
Bar Sixtyfive,Coca cola,2.5
Bar Sixtyfive,Sweet tea,3
Bar Sixtyfive,Sprite,2.5
Bar Sixtyfive,Root beer,2.5
Bar Sixtyfive,Club soda,2
Bohemian Hall & Beer Garden,Paulaner Hefe,6.5
Bohemian Hall & Beer Garden,Asahi,6.5
Bohemian Hall & Beer Garden,Union,7
Bohemian Hall & Beer Garden,Leffe Blonde,4
Bohemian Hall & Beer Garden,Cheeseburger,7
Bohemian Hall & Beer Garden,French fries,2
Bohemian Hall & Beer Garden,Nachos,5
Bohemian Hall & Beer Garden,Chicken wings,6.5
Bohemian Hall & Beer Garden,Quesadilla,7
Bohemian Hall & Beer Garden,Onion rings,2
Bohemian Hall & Beer Garden,Tater tots,3
Bohemian Hall & Beer Garden,Mozoralla sticks,5
Bohemian Hall & Beer Garden,Potato skins,4
Bohemian Hall & Beer Garden,Pretzel,4.5
Bohemian Hall & Beer Garden,Coca cola,2.5
Bohemian Hall & Beer Garden,Sweet tea,3
Bohemian Hall & Beer Garden,Sprite,2.5
Bohemian Hall & Beer Garden,Root beer,2.5
Bohemian Hall & Beer Garden,Club soda,2
Bronx Alehouse,Cass,7
Bronx Alehouse,Pilsner Urquell,4
Bronx Alehouse,Lasko,7
Bronx Alehouse,Ichnusa Beer,7
Bronx Alehouse,San Miguel Pale Pilsen,6.5
Bronx Alehouse,Peroni,3
Bronx Alehouse,Sapporo,4.5
Bronx Alehouse,Labatts Blue,3
Bronx Alehouse,Harp Lager,7
Bronx Alehouse,Cheeseburger,7
Bronx Alehouse,French fries,2
Bronx Alehouse,Nachos,5
Bronx Alehouse,Chicken wings,6.5
Bronx Alehouse,Quesadilla,7
Bronx Alehouse,Onion rings,2
Bronx Alehouse,Tater tots,3
Bronx Alehouse,Mozoralla sticks,5
Bronx Alehouse,Potato skins,4
Bronx Alehouse,Pretzel,4.5
Bronx Alehouse,Coca cola,2.5
Bronx Alehouse,Sweet tea,3
Bronx Alehouse,Sprite,2.5
Bronx Alehouse,Root beer,2.5
Bronx Alehouse,Club soda,2
Connolly's Bar,Coreff Ambree,3
Connolly's Bar,Amstel Light,4
Connolly's Bar,Budvar Svetly Lezak,4
Connolly's Bar,Sapporo,7
Connolly's Bar,Lowenbrau,7
Connolly's Bar,Newcastle Brown Ale,5
Connolly's Bar,Efes Dark,5
Connolly's Bar,Birra Moretti,7
Connolly's Bar,Dreher,6
Connolly's Bar,Lasko,4.5
Connolly's Bar,Hite,6
Connolly's Bar,Cheeseburger,7
Connolly's Bar,French fries,2
Connolly's Bar,Nachos,5
Connolly's Bar,Chicken wings,6.5
Connolly's Bar,Quesadilla,7
Connolly's Bar,Onion rings,2
Connolly's Bar,Tater tots,3
Connolly's Bar,Mozoralla sticks,5
Connolly's Bar,Potato skins,4
Connolly's Bar,Pretzel,4.5
Connolly's Bar,Coca cola,2.5
Connolly's Bar,Sweet tea,3
Connolly's Bar,Sprite,2.5
Connolly's Bar,Root beer,2.5
Connolly's Bar,Club soda,2
Dead Rabbit,Old Speckled Hen,4
Dead Rabbit,Mythos,6.5
Dead Rabbit,Carling Black Label,3
Dead Rabbit,Lowenbrau,4.5
Dead Rabbit,Timisoreana,3
Dead Rabbit,Pabst Blue Ribbon,5
Dead Rabbit,Duvel,5
Dead Rabbit,Ichnusa Beer,3
Dead Rabbit,Asahi,3
Dead Rabbit,Efes Dark,4.5
Dead Rabbit,Cheeseburger,7
Dead Rabbit,French fries,2
Dead Rabbit,Nachos,5
Dead Rabbit,Chicken wings,6.5
Dead Rabbit,Quesadilla,7
Dead Rabbit,Onion rings,2
Dead Rabbit,Tater tots,3
Dead Rabbit,Mozoralla sticks,5
Dead Rabbit,Potato skins,4
Dead Rabbit,Pretzel,4.5
Dead Rabbit,Coca cola,2.5
Dead Rabbit,Sweet tea,3
Dead Rabbit,Sprite,2.5
Dead Rabbit,Root beer,2.5
Dead Rabbit,Club soda,2
Donovan's Pub,Lasko,7
Donovan's Pub,Hite,7
Donovan's Pub,Cass,6.5
Donovan's Pub,Newcastle Brown Ale,5
Donovan's Pub,Warsteiner,5
Donovan's Pub,Kronenbourg,5
Donovan's Pub,Sapporo,5
Donovan's Pub,Cheeseburger,7
Donovan's Pub,French fries,2
Donovan's Pub,Nachos,5
Donovan's Pub,Chicken wings,6.5
Donovan's Pub,Quesadilla,7
Donovan's Pub,Onion rings,2
Donovan's Pub,Tater tots,3
Donovan's Pub,Mozoralla sticks,5
Donovan's Pub,Potato skins,4
Donovan's Pub,Pretzel,4.5
Donovan's Pub,Coca cola,2.5
Donovan's Pub,Sweet tea,3
Donovan's Pub,Sprite,2.5
Donovan's Pub,Root beer,2.5
Donovan's Pub,Club soda,2
Ear Inn,Erdinger Pikantus,3
Ear Inn,Heineken,6
Ear Inn,Coreff Ambree,3
Ear Inn,Duvel,4
Ear Inn,Lasko,7
Ear Inn,Ichnusa Beer,4.5
Ear Inn,Warsteiner,4.5
Ear Inn,Stiegl Bier,6.5
Ear Inn,San Miguel Pale Pilsen,6.5
Ear Inn,Kronenbourg,4
Ear Inn,Dreher,4.5
Ear Inn,Coors,6
Ear Inn,Cheeseburger,7
Ear Inn,French fries,2
Ear Inn,Nachos,5
Ear Inn,Chicken wings,6.5
Ear Inn,Quesadilla,7
Ear Inn,Onion rings,2
Ear Inn,Tater tots,3
Ear Inn,Mozoralla sticks,5
Ear Inn,Potato skins,4
Ear Inn,Pretzel,4.5
Ear Inn,Coca cola,2.5
Ear Inn,Sweet tea,3
Ear Inn,Sprite,2.5
Ear Inn,Root beer,2.5
Ear Inn,Club soda,2
Jimmy's Corner,Harp Lager,3
Jimmy's Corner,Timisoreana,6.5
Jimmy's Corner,Hite,3
Jimmy's Corner,Coreff Ambree,4
Jimmy's Corner,Paulaner Hefe,5
Jimmy's Corner,Cheeseburger,7
Jimmy's Corner,French fries,2
Jimmy's Corner,Nachos,5
Jimmy's Corner,Chicken wings,6.5
Jimmy's Corner,Quesadilla,7
Jimmy's Corner,Onion rings,2
Jimmy's Corner,Tater tots,3
Jimmy's Corner,Mozoralla sticks,5
Jimmy's Corner,Potato skins,4
Jimmy's Corner,Pretzel,4.5
Jimmy's Corner,Coca cola,2.5
Jimmy's Corner,Sweet tea,3
Jimmy's Corner,Sprite,2.5
Jimmy's Corner,Root beer,2.5
Jimmy's Corner,Club soda,2
Killmeyer's,Newcastle Brown Ale,4.5
Killmeyer's,Amstel Light,4
Killmeyer's,Warsteiner,6
Killmeyer's,Leffe Blonde,7
Killmeyer's,Tsingtao,3
Killmeyer's,San Miguel Pale Pilsen,6
Killmeyer's,Paulaner Hefe,7
Killmeyer's,Cheeseburger,7
Killmeyer's,French fries,2
Killmeyer's,Nachos,5
Killmeyer's,Chicken wings,6.5
Killmeyer's,Quesadilla,7
Killmeyer's,Onion rings,2
Killmeyer's,Tater tots,3
Killmeyer's,Mozoralla sticks,5
Killmeyer's,Potato skins,4
Killmeyer's,Pretzel,4.5
Killmeyer's,Coca cola,2.5
Killmeyer's,Sweet tea,3
Killmeyer's,Sprite,2.5
Killmeyer's,Root beer,2.5
Killmeyer's,Club soda,2
King Cole Bar,Grolsch,4
King Cole Bar,Kirin,4
King Cole Bar,Erdinger Pikantus,7
King Cole Bar,San Miguel Pale Pilsen,5
King Cole Bar,Tiger Beer,4.5
King Cole Bar,Cheeseburger,7
King Cole Bar,French fries,2
King Cole Bar,Nachos,5
King Cole Bar,Chicken wings,6.5
King Cole Bar,Quesadilla,7
King Cole Bar,Onion rings,2
King Cole Bar,Tater tots,3
King Cole Bar,Mozoralla sticks,5
King Cole Bar,Potato skins,4
King Cole Bar,Pretzel,4.5
King Cole Bar,Coca cola,2.5
King Cole Bar,Sweet tea,3
King Cole Bar,Sprite,2.5
King Cole Bar,Root beer,2.5
King Cole Bar,Club soda,2
Lee's Tavern,Efes Dark,4.5
Lee's Tavern,Tuborg,6
Lee's Tavern,Tecate,6.5
Lee's Tavern,Coors,5
Lee's Tavern,Birra Moretti,4.5
Lee's Tavern,Carlsberg,7
Lee's Tavern,Old Speckled Hen,5
Lee's Tavern,Paulaner Hefe,5
Lee's Tavern,Erdinger Pikantus,4
Lee's Tavern,Tiger Beer,6
Lee's Tavern,Coreff Ambree,3
Lee's Tavern,Duvel,6
Lee's Tavern,Cheeseburger,7
Lee's Tavern,French fries,2
Lee's Tavern,Nachos,5
Lee's Tavern,Chicken wings,6.5
Lee's Tavern,Quesadilla,7
Lee's Tavern,Onion rings,2
Lee's Tavern,Tater tots,3
Lee's Tavern,Mozoralla sticks,5
Lee's Tavern,Potato skins,4
Lee's Tavern,Pretzel,4.5
Lee's Tavern,Coca cola,2.5
Lee's Tavern,Sweet tea,3
Lee's Tavern,Sprite,2.5
Lee's Tavern,Root beer,2.5
Lee's Tavern,Club soda,2
Please Don't Tell,Kronenbourg,4.5
Please Don't Tell,Gambrinus Premium,5
Please Don't Tell,Erdinger Pikantus,7
Please Don't Tell,Dos Equis,5
Please Don't Tell,Carlsberg,4.5
Please Don't Tell,Tecate,4.5
Please Don't Tell,Tiger Beer,7
Please Don't Tell,Heineken,4
Please Don't Tell,Kirin,6
Please Don't Tell,San Miguel Pale Pilsen,6.5
Please Don't Tell,Amstel Light,3
Please Don't Tell,Cheeseburger,7
Please Don't Tell,French fries,2
Please Don't Tell,Nachos,5
Please Don't Tell,Chicken wings,6.5
Please Don't Tell,Quesadilla,7
Please Don't Tell,Onion rings,2
Please Don't Tell,Tater tots,3
Please Don't Tell,Mozoralla sticks,5
Please Don't Tell,Potato skins,4
Please Don't Tell,Pretzel,4.5
Please Don't Tell,Coca cola,2.5
Please Don't Tell,Sweet tea,3
Please Don't Tell,Sprite,2.5
Please Don't Tell,Root beer,2.5
Please Don't Tell,Club soda,2
The Up & Up,Coreff Ambree,6.5
The Up & Up,Amstel Light,4
The Up & Up,Tsingtao,6.5
The Up & Up,Dos Equis,3
The Up & Up,Kirin,5
The Up & Up,Stiegl Bier,4
The Up & Up,Kronenbourg,7
The Up & Up,Heineken,4.5
The Up & Up,Cass,6.5
The Up & Up,Pilsner Urquell,6.5
The Up & Up,Cheeseburger,7
The Up & Up,French fries,2
The Up & Up,Nachos,5
The Up & Up,Chicken wings,6.5
The Up & Up,Quesadilla,7
The Up & Up,Onion rings,2
The Up & Up,Tater tots,3
The Up & Up,Mozoralla sticks,5
The Up & Up,Potato skins,4
The Up & Up,Pretzel,4.5
The Up & Up,Coca cola,2.5
The Up & Up,Sweet tea,3
The Up & Up,Sprite,2.5
The Up & Up,Root beer,2.5
The Up & Up,Club soda,2
Julius',Carlsberg,6.5
Julius',Caffrey's,4
Julius',Lasko,4
Julius',Dreher,4
Julius',Heineken,7
Julius',Coors,7
Julius',Asahi,4
Julius',Budvar Svetly Lezak,6.5
Julius',Peroni,6.5
Julius',Coreff Ambree,7
Julius',Cheeseburger,7
Julius',French fries,2
Julius',Nachos,5
Julius',Chicken wings,6.5
Julius',Quesadilla,7
Julius',Onion rings,2
Julius',Tater tots,3
Julius',Mozoralla sticks,5
Julius',Potato skins,4
Julius',Pretzel,4.5
Julius',Coca cola,2.5
Julius',Sweet tea,3
Julius',Sprite,2.5
Julius',Root beer,2.5
Julius',Club soda,2
The Pony Bar,Newcastle Brown Ale,6
The Pony Bar,Ichnusa Beer,3
The Pony Bar,Pabst Blue Ribbon,4
The Pony Bar,Harp Lager,4
The Pony Bar,Warsteiner,4.5
The Pony Bar,Pilsner Urquell,4.5
The Pony Bar,Budvar Svetly Lezak,7
The Pony Bar,Kronenbourg,6
The Pony Bar,Stiegl Bier,7
The Pony Bar,Cheeseburger,7
The Pony Bar,French fries,2
The Pony Bar,Nachos,5
The Pony Bar,Chicken wings,6.5
The Pony Bar,Quesadilla,7
The Pony Bar,Onion rings,2
The Pony Bar,Tater tots,3
The Pony Bar,Mozoralla sticks,5
The Pony Bar,Potato skins,4
The Pony Bar,Pretzel,4.5
The Pony Bar,Coca cola,2.5
The Pony Bar,Sweet tea,3
The Pony Bar,Sprite,2.5
The Pony Bar,Root beer,2.5
The Pony Bar,Club soda,2
The Summit Bar,Newcastle Brown Ale,4
The Summit Bar,Kronenbourg,4
The Summit Bar,Warsteiner,6.5
The Summit Bar,Paulaner Hefe,6.5
The Summit Bar,Pabst Blue Ribbon,3
The Summit Bar,Union,4.5
The Summit Bar,Labatts Blue,4
The Summit Bar,Guinness,6.5
The Summit Bar,Gambrinus Premium,4
The Summit Bar,Tecate,6
The Summit Bar,Cheeseburger,7
The Summit Bar,French fries,2
The Summit Bar,Nachos,5
The Summit Bar,Chicken wings,6.5
The Summit Bar,Quesadilla,7
The Summit Bar,Onion rings,2
The Summit Bar,Tater tots,3
The Summit Bar,Mozoralla sticks,5
The Summit Bar,Potato skins,4
The Summit Bar,Pretzel,4.5
The Summit Bar,Coca cola,2.5
The Summit Bar,Sweet tea,3
The Summit Bar,Sprite,2.5
The Summit Bar,Root beer,2.5
The Summit Bar,Club soda,2
Spring Lounge,Lasko,7
Spring Lounge,Coreff Ambree,7
Spring Lounge,Pilsner Urquell,7
Spring Lounge,Pabst Blue Ribbon,7
Spring Lounge,Chimay Blue Top,3
Spring Lounge,Newcastle Brown Ale,4
Spring Lounge,OB Golden Lager,4.5
Spring Lounge,Heineken,6.5
Spring Lounge,Labatts Blue,5
Spring Lounge,Singha Beer,6.5
Spring Lounge,Asahi,3
Spring Lounge,Cheeseburger,7
Spring Lounge,French fries,2
Spring Lounge,Nachos,5
Spring Lounge,Chicken wings,6.5
Spring Lounge,Quesadilla,7
Spring Lounge,Onion rings,2
Spring Lounge,Tater tots,3
Spring Lounge,Mozoralla sticks,5
Spring Lounge,Potato skins,4
Spring Lounge,Pretzel,4.5
Spring Lounge,Coca cola,2.5
Spring Lounge,Sweet tea,3
Spring Lounge,Sprite,2.5
Spring Lounge,Root beer,2.5
Spring Lounge,Club soda,2
Dive Bar,Budvar Svetly Lezak,4
Dive Bar,Caffrey's,7
Dive Bar,Heineken,4
Dive Bar,Lowenbrau,4
Dive Bar,Tuborg,3
Dive Bar,Timisoreana,3
Dive Bar,Ichnusa Beer,4.5
Dive Bar,Dos Equis,7
Dive Bar,Peroni,7
Dive Bar,Cheeseburger,7
Dive Bar,French fries,2
Dive Bar,Nachos,5
Dive Bar,Chicken wings,6.5
Dive Bar,Quesadilla,7
Dive Bar,Onion rings,2
Dive Bar,Tater tots,3
Dive Bar,Mozoralla sticks,5
Dive Bar,Potato skins,4
Dive Bar,Pretzel,4.5
Dive Bar,Coca cola,2.5
Dive Bar,Sweet tea,3
Dive Bar,Sprite,2.5
Dive Bar,Root beer,2.5
Dive Bar,Club soda,2
Tonic Bar,Grolsch,4.5
Tonic Bar,Dos Equis,5
Tonic Bar,Heineken,6
Tonic Bar,Tiger Beer,3
Tonic Bar,Amstel Light,4
Tonic Bar,Pilsner Urquell,4.5
Tonic Bar,Tecate,6.5
Tonic Bar,San Miguel Pale Pilsen,5
Tonic Bar,Cheeseburger,7
Tonic Bar,French fries,2
Tonic Bar,Nachos,5
Tonic Bar,Chicken wings,6.5
Tonic Bar,Quesadilla,7
Tonic Bar,Onion rings,2
Tonic Bar,Tater tots,3
Tonic Bar,Mozoralla sticks,5
Tonic Bar,Potato skins,4
Tonic Bar,Pretzel,4.5
Tonic Bar,Coca cola,2.5
Tonic Bar,Sweet tea,3
Tonic Bar,Sprite,2.5
Tonic Bar,Root beer,2.5
Tonic Bar,Club soda,2
The Ginger Man,Carlsberg,5
The Ginger Man,Mythos,6.5
The Ginger Man,Dreher,3
The Ginger Man,Warsteiner,7
The Ginger Man,Stiegl Bier,4
The Ginger Man,Grolsch,4
The Ginger Man,Timisoreana,6.5
The Ginger Man,Union,5
The Ginger Man,Duvel,7
The Ginger Man,Cheeseburger,7
The Ginger Man,French fries,2
The Ginger Man,Nachos,5
The Ginger Man,Chicken wings,6.5
The Ginger Man,Quesadilla,7
The Ginger Man,Onion rings,2
The Ginger Man,Tater tots,3
The Ginger Man,Mozoralla sticks,5
The Ginger Man,Potato skins,4
The Ginger Man,Pretzel,4.5
The Ginger Man,Coca cola,2.5
The Ginger Man,Sweet tea,3
The Ginger Man,Sprite,2.5
The Ginger Man,Root beer,2.5
The Ginger Man,Club soda,2
Clockwork Bar,San Miguel Pale Pilsen,3
Clockwork Bar,Efes Dark,7
Clockwork Bar,Peroni,6
Clockwork Bar,Gambrinus Premium,6.5
Clockwork Bar,Budvar Svetly Lezak,6.5
Clockwork Bar,Old Speckled Hen,3
Clockwork Bar,Budweiser,7
Clockwork Bar,Grolsch,4.5
Clockwork Bar,Cheeseburger,7
Clockwork Bar,French fries,2
Clockwork Bar,Nachos,5
Clockwork Bar,Chicken wings,6.5
Clockwork Bar,Quesadilla,7
Clockwork Bar,Onion rings,2
Clockwork Bar,Tater tots,3
Clockwork Bar,Mozoralla sticks,5
Clockwork Bar,Potato skins,4
Clockwork Bar,Pretzel,4.5
Clockwork Bar,Coca cola,2.5
Clockwork Bar,Sweet tea,3
Clockwork Bar,Sprite,2.5
Clockwork Bar,Root beer,2.5
Clockwork Bar,Club soda,2
Townhouse of New York,Asahi,4
Townhouse of New York,Tecate,7
Townhouse of New York,Paulaner Hefe,6.5
Townhouse of New York,Carling Black Label,5
Townhouse of New York,Labatts Blue,6
Townhouse of New York,Guinness,6.5
Townhouse of New York,Cheeseburger,7
Townhouse of New York,French fries,2
Townhouse of New York,Nachos,5
Townhouse of New York,Chicken wings,6.5
Townhouse of New York,Quesadilla,7
Townhouse of New York,Onion rings,2
Townhouse of New York,Tater tots,3
Townhouse of New York,Mozoralla sticks,5
Townhouse of New York,Potato skins,4
Townhouse of New York,Pretzel,4.5
Townhouse of New York,Coca cola,2.5
Townhouse of New York,Sweet tea,3
Townhouse of New York,Sprite,2.5
Townhouse of New York,Root beer,2.5
Townhouse of New York,Club soda,2
e's Bar,Budvar Svetly Lezak,5
e's Bar,Heineken,7
e's Bar,Leffe Blonde,7
e's Bar,Harp Lager,6.5
e's Bar,Duvel,6
e's Bar,Grolsch,6
e's Bar,Guinness,3
e's Bar,Timisoreana,6
e's Bar,Cheeseburger,7
e's Bar,French fries,2
e's Bar,Nachos,5
e's Bar,Chicken wings,6.5
e's Bar,Quesadilla,7
e's Bar,Onion rings,2
e's Bar,Tater tots,3
e's Bar,Mozoralla sticks,5
e's Bar,Potato skins,4
e's Bar,Pretzel,4.5
e's Bar,Coca cola,2.5
e's Bar,Sweet tea,3
e's Bar,Sprite,2.5
e's Bar,Root beer,2.5
e's Bar,Club soda,2
The Central Bar,Harp Lager,6.5
The Central Bar,Asahi,3
The Central Bar,Dreher,6
The Central Bar,Stiegl Bier,7
The Central Bar,Kronenbourg,5
The Central Bar,Peroni,7
The Central Bar,Newcastle Brown Ale,3
The Central Bar,Tiger Beer,6.5
The Central Bar,Grolsch,4.5
The Central Bar,Kirin,4.5
The Central Bar,Cheeseburger,7
The Central Bar,French fries,2
The Central Bar,Nachos,5
The Central Bar,Chicken wings,6.5
The Central Bar,Quesadilla,7
The Central Bar,Onion rings,2
The Central Bar,Tater tots,3
The Central Bar,Mozoralla sticks,5
The Central Bar,Potato skins,4
The Central Bar,Pretzel,4.5
The Central Bar,Coca cola,2.5
The Central Bar,Sweet tea,3
The Central Bar,Sprite,2.5
The Central Bar,Root beer,2.5
The Central Bar,Club soda,2
KGB Bar,Guinness,3
KGB Bar,Old Speckled Hen,5
KGB Bar,Heineken,4.5
KGB Bar,Peroni,6
KGB Bar,Kirin,4.5
KGB Bar,Mythos,6.5
KGB Bar,Leffe Blonde,5
KGB Bar,Cheeseburger,7
KGB Bar,French fries,2
KGB Bar,Nachos,5
KGB Bar,Chicken wings,6.5
KGB Bar,Quesadilla,7
KGB Bar,Onion rings,2
KGB Bar,Tater tots,3
KGB Bar,Mozoralla sticks,5
KGB Bar,Potato skins,4
KGB Bar,Pretzel,4.5
KGB Bar,Coca cola,2.5
KGB Bar,Sweet tea,3
KGB Bar,Sprite,2.5
KGB Bar,Root beer,2.5
KGB Bar,Club soda,2
The 13th Step,Lasko,6.5
The 13th Step,Carling Black Label,7
The 13th Step,Lowenbrau,5
The 13th Step,Tiger Beer,3
The 13th Step,Harp Lager,4.5
The 13th Step,Tecate,3
The 13th Step,Duvel,5
The 13th Step,Pabst Blue Ribbon,4
The 13th Step,Peroni,6
The 13th Step,Stiegl Bier,5
The 13th Step,Grolsch,5
The 13th Step,Cheeseburger,7
The 13th Step,French fries,2
The 13th Step,Nachos,5
The 13th Step,Chicken wings,6.5
The 13th Step,Quesadilla,7
The 13th Step,Onion rings,2
The 13th Step,Tater tots,3
The 13th Step,Mozoralla sticks,5
The 13th Step,Potato skins,4
The 13th Step,Pretzel,4.5
The 13th Step,Coca cola,2.5
The 13th Step,Sweet tea,3
The 13th Step,Sprite,2.5
The 13th Step,Root beer,2.5
The 13th Step,Club soda,2
Phoenix Bar,Sapporo,6
Phoenix Bar,Mythos,4
Phoenix Bar,Dreher,6
Phoenix Bar,Cheeseburger,7
Phoenix Bar,French fries,2
Phoenix Bar,Nachos,5
Phoenix Bar,Chicken wings,6.5
Phoenix Bar,Quesadilla,7
Phoenix Bar,Onion rings,2
Phoenix Bar,Tater tots,3
Phoenix Bar,Mozoralla sticks,5
Phoenix Bar,Potato skins,4
Phoenix Bar,Pretzel,4.5
Phoenix Bar,Coca cola,2.5
Phoenix Bar,Sweet tea,3
Phoenix Bar,Sprite,2.5
Phoenix Bar,Root beer,2.5
Phoenix Bar,Club soda,2
Subject,Coors,7
Subject,Birra Moretti,4
Subject,Timisoreana,5
Subject,Budweiser,5
Subject,Coreff Ambree,6.5
Subject,Heineken,6.5
Subject,Cheeseburger,7
Subject,French fries,2
Subject,Nachos,5
Subject,Chicken wings,6.5
Subject,Quesadilla,7
Subject,Onion rings,2
Subject,Tater tots,3
Subject,Mozoralla sticks,5
Subject,Potato skins,4
Subject,Pretzel,4.5
Subject,Coca cola,2.5
Subject,Sweet tea,3
Subject,Sprite,2.5
Subject,Root beer,2.5
Subject,Club soda,2
The Ship,Cass,4.5
The Ship,Tiger Beer,5
The Ship,Newcastle Brown Ale,6.5
The Ship,Efes Dark,6
The Ship,Sapporo,5
The Ship,Birra Moretti,4
The Ship,Guinness,5
The Ship,Cheeseburger,7
The Ship,French fries,2
The Ship,Nachos,5
The Ship,Chicken wings,6.5
The Ship,Quesadilla,7
The Ship,Onion rings,2
The Ship,Tater tots,3
The Ship,Mozoralla sticks,5
The Ship,Potato skins,4
The Ship,Pretzel,4.5
The Ship,Coca cola,2.5
The Ship,Sweet tea,3
The Ship,Sprite,2.5
The Ship,Root beer,2.5
The Ship,Club soda,2
Ty Bar,Birra Moretti,4.5
Ty Bar,Grolsch,6.5
Ty Bar,Hite,7
Ty Bar,Efes Dark,4
Ty Bar,Cheeseburger,7
Ty Bar,French fries,2
Ty Bar,Nachos,5
Ty Bar,Chicken wings,6.5
Ty Bar,Quesadilla,7
Ty Bar,Onion rings,2
Ty Bar,Tater tots,3
Ty Bar,Mozoralla sticks,5
Ty Bar,Potato skins,4
Ty Bar,Pretzel,4.5
Ty Bar,Coca cola,2.5
Ty Bar,Sweet tea,3
Ty Bar,Sprite,2.5
Ty Bar,Root beer,2.5
Ty Bar,Club soda,2
BlackTail,Budvar Svetly Lezak,7
BlackTail,San Miguel Pale Pilsen,4.5
BlackTail,Chimay Blue Top,6
BlackTail,Singha Beer,6.5
BlackTail,Warsteiner,5
BlackTail,Newcastle Brown Ale,5
BlackTail,Sapporo,3
BlackTail,Cheeseburger,7
BlackTail,French fries,2
BlackTail,Nachos,5
BlackTail,Chicken wings,6.5
BlackTail,Quesadilla,7
BlackTail,Onion rings,2
BlackTail,Tater tots,3
BlackTail,Mozoralla sticks,5
BlackTail,Potato skins,4
BlackTail,Pretzel,4.5
BlackTail,Coca cola,2.5
BlackTail,Sweet tea,3
BlackTail,Sprite,2.5
BlackTail,Root beer,2.5
BlackTail,Club soda,2
Bar Nine,Guinness,4
Bar Nine,Dreher,4
Bar Nine,Gambrinus Premium,4.5
Bar Nine,Kirin,6.5
Bar Nine,Chimay Blue Top,3
Bar Nine,Cheeseburger,7
Bar Nine,French fries,2
Bar Nine,Nachos,5
Bar Nine,Chicken wings,6.5
Bar Nine,Quesadilla,7
Bar Nine,Onion rings,2
Bar Nine,Tater tots,3
Bar Nine,Mozoralla sticks,5
Bar Nine,Potato skins,4
Bar Nine,Pretzel,4.5
Bar Nine,Coca cola,2.5
Bar Nine,Sweet tea,3
Bar Nine,Sprite,2.5
Bar Nine,Root beer,2.5
Bar Nine,Club soda,2
The Iron Horse Nyc,Carling Black Label,3
The Iron Horse Nyc,Duvel,6.5
The Iron Horse Nyc,Erdinger Pikantus,3
The Iron Horse Nyc,Lasko,4.5
The Iron Horse Nyc,Tsingtao,6
The Iron Horse Nyc,Cheeseburger,7
The Iron Horse Nyc,French fries,2
The Iron Horse Nyc,Nachos,5
The Iron Horse Nyc,Chicken wings,6.5
The Iron Horse Nyc,Quesadilla,7
The Iron Horse Nyc,Onion rings,2
The Iron Horse Nyc,Tater tots,3
The Iron Horse Nyc,Mozoralla sticks,5
The Iron Horse Nyc,Potato skins,4
The Iron Horse Nyc,Pretzel,4.5
The Iron Horse Nyc,Coca cola,2.5
The Iron Horse Nyc,Sweet tea,3
The Iron Horse Nyc,Sprite,2.5
The Iron Horse Nyc,Root beer,2.5
The Iron Horse Nyc,Club soda,2
Keats Bar,Labatts Blue,6.5
Keats Bar,Tecate,5
Keats Bar,Tuborg,5
Keats Bar,Erdinger Pikantus,6.5
Keats Bar,Tsingtao,6.5
Keats Bar,Cheeseburger,7
Keats Bar,French fries,2
Keats Bar,Nachos,5
Keats Bar,Chicken wings,6.5
Keats Bar,Quesadilla,7
Keats Bar,Onion rings,2
Keats Bar,Tater tots,3
Keats Bar,Mozoralla sticks,5
Keats Bar,Potato skins,4
Keats Bar,Pretzel,4.5
Keats Bar,Coca cola,2.5
Keats Bar,Sweet tea,3
Keats Bar,Sprite,2.5
Keats Bar,Root beer,2.5
Keats Bar,Club soda,2
Nowhere,Paulaner Hefe,5
Nowhere,Coreff Ambree,6.5
Nowhere,Tiger Beer,6.5
Nowhere,Timisoreana,4.5
Nowhere,Birra Moretti,4
Nowhere,Singha Beer,5
Nowhere,Tuborg,6
Nowhere,Cheeseburger,7
Nowhere,French fries,2
Nowhere,Nachos,5
Nowhere,Chicken wings,6.5
Nowhere,Quesadilla,7
Nowhere,Onion rings,2
Nowhere,Tater tots,3
Nowhere,Mozoralla sticks,5
Nowhere,Potato skins,4
Nowhere,Pretzel,4.5
Nowhere,Coca cola,2.5
Nowhere,Sweet tea,3
Nowhere,Sprite,2.5
Nowhere,Root beer,2.5
Nowhere,Club soda,2
Gallow Green,Dreher,4
Gallow Green,Labatts Blue,6.5
Gallow Green,Asahi,4.5
Gallow Green,Peroni,6.5
Gallow Green,San Miguel Pale Pilsen,4
Gallow Green,Caffrey's,6.5
Gallow Green,Gambrinus Premium,7
Gallow Green,Paulaner Hefe,3
Gallow Green,Sapporo,6.5
Gallow Green,Union,4.5
Gallow Green,Cass,3
Gallow Green,Cheeseburger,7
Gallow Green,French fries,2
Gallow Green,Nachos,5
Gallow Green,Chicken wings,6.5
Gallow Green,Quesadilla,7
Gallow Green,Onion rings,2
Gallow Green,Tater tots,3
Gallow Green,Mozoralla sticks,5
Gallow Green,Potato skins,4
Gallow Green,Pretzel,4.5
Gallow Green,Coca cola,2.5
Gallow Green,Sweet tea,3
Gallow Green,Sprite,2.5
Gallow Green,Root beer,2.5
Gallow Green,Club soda,2
Boxer,Old Speckled Hen,6.5
Boxer,Lasko,6.5
Boxer,Tsingtao,4
Boxer,Caffrey's,3
Boxer,Timisoreana,3
Boxer,Lowenbrau,5
Boxer,Guinness,6.5
Boxer,Warsteiner,4.5
Boxer,Cheeseburger,7
Boxer,French fries,2
Boxer,Nachos,5
Boxer,Chicken wings,6.5
Boxer,Quesadilla,7
Boxer,Onion rings,2
Boxer,Tater tots,3
Boxer,Mozoralla sticks,5
Boxer,Potato skins,4
Boxer,Pretzel,4.5
Boxer,Coca cola,2.5
Boxer,Sweet tea,3
Boxer,Sprite,2.5
Boxer,Root beer,2.5
Boxer,Club soda,2
LENA,OB Golden Lager,5
LENA,Asahi,5
LENA,Lowenbrau,5
LENA,Ichnusa Beer,5
LENA,Duvel,6.5
LENA,Singha Beer,6
LENA,Tsingtao,5
LENA,Budweiser,6.5
LENA,Cass,4
LENA,Coreff Ambree,4
LENA,Pabst Blue Ribbon,5
LENA,Gambrinus Premium,6.5
LENA,San Miguel Pale Pilsen,7
LENA,Cheeseburger,7
LENA,French fries,2
LENA,Nachos,5
LENA,Chicken wings,6.5
LENA,Quesadilla,7
LENA,Onion rings,2
LENA,Tater tots,3
LENA,Mozoralla sticks,5
LENA,Potato skins,4
LENA,Pretzel,4.5
LENA,Coca cola,2.5
LENA,Sweet tea,3
LENA,Sprite,2.5
LENA,Root beer,2.5
LENA,Club soda,2
Zinc Bar,Coreff Ambree,4.5
Zinc Bar,Guinness,4.5
Zinc Bar,Hite,6.5
Zinc Bar,Coors,6
Zinc Bar,Union,4.5
Zinc Bar,Birra Moretti,6
Zinc Bar,Kronenbourg,6.5
Zinc Bar,Gambrinus Premium,6.5
Zinc Bar,Heineken,6
Zinc Bar,Cheeseburger,7
Zinc Bar,French fries,2
Zinc Bar,Nachos,5
Zinc Bar,Chicken wings,6.5
Zinc Bar,Quesadilla,7
Zinc Bar,Onion rings,2
Zinc Bar,Tater tots,3
Zinc Bar,Mozoralla sticks,5
Zinc Bar,Potato skins,4
Zinc Bar,Pretzel,4.5
Zinc Bar,Coca cola,2.5
Zinc Bar,Sweet tea,3
Zinc Bar,Sprite,2.5
Zinc Bar,Root beer,2.5
Zinc Bar,Club soda,2
Bua,Lasko,7
Bua,Mythos,6.5
Bua,Heineken,4
Bua,Tecate,7
Bua,Old Speckled Hen,5
Bua,Tiger Beer,6.5
Bua,Birra Moretti,7
Bua,Cheeseburger,7
Bua,French fries,2
Bua,Nachos,5
Bua,Chicken wings,6.5
Bua,Quesadilla,7
Bua,Onion rings,2
Bua,Tater tots,3
Bua,Mozoralla sticks,5
Bua,Potato skins,4
Bua,Pretzel,4.5
Bua,Coca cola,2.5
Bua,Sweet tea,3
Bua,Sprite,2.5
Bua,Root beer,2.5
Bua,Club soda,2
the Campbell,Birra Moretti,3
the Campbell,Tuborg,3
the Campbell,Heineken,3
the Campbell,Efes Dark,5
the Campbell,Amstel Light,5
the Campbell,Tsingtao,7
the Campbell,Cheeseburger,7
the Campbell,French fries,2
the Campbell,Nachos,5
the Campbell,Chicken wings,6.5
the Campbell,Quesadilla,7
the Campbell,Onion rings,2
the Campbell,Tater tots,3
the Campbell,Mozoralla sticks,5
the Campbell,Potato skins,4
the Campbell,Pretzel,4.5
the Campbell,Coca cola,2.5
the Campbell,Sweet tea,3
the Campbell,Sprite,2.5
the Campbell,Root beer,2.5
the Campbell,Club soda,2
Beauty Bar,Old Speckled Hen,6.5
Beauty Bar,Carlsberg,4
Beauty Bar,Efes Dark,4.5
Beauty Bar,Pabst Blue Ribbon,3
Beauty Bar,Peroni,7
Beauty Bar,Dos Equis,4.5
Beauty Bar,Chimay Blue Top,7
Beauty Bar,Cheeseburger,7
Beauty Bar,French fries,2
Beauty Bar,Nachos,5
Beauty Bar,Chicken wings,6.5
Beauty Bar,Quesadilla,7
Beauty Bar,Onion rings,2
Beauty Bar,Tater tots,3
Beauty Bar,Mozoralla sticks,5
Beauty Bar,Potato skins,4
Beauty Bar,Pretzel,4.5
Beauty Bar,Coca cola,2.5
Beauty Bar,Sweet tea,3
Beauty Bar,Sprite,2.5
Beauty Bar,Root beer,2.5
Beauty Bar,Club soda,2
Blue Bar,Amstel Light,4
Blue Bar,Kronenbourg,6.5
Blue Bar,Tuborg,5
Blue Bar,Timisoreana,3
Blue Bar,Pilsner Urquell,4
Blue Bar,Lowenbrau,7
Blue Bar,Singha Beer,3
Blue Bar,Warsteiner,5
Blue Bar,Caffrey's,7
Blue Bar,Harp Lager,3
Blue Bar,OB Golden Lager,6
Blue Bar,Grolsch,6.5
Blue Bar,San Miguel Pale Pilsen,5
Blue Bar,Cheeseburger,7
Blue Bar,French fries,2
Blue Bar,Nachos,5
Blue Bar,Chicken wings,6.5
Blue Bar,Quesadilla,7
Blue Bar,Onion rings,2
Blue Bar,Tater tots,3
Blue Bar,Mozoralla sticks,5
Blue Bar,Potato skins,4
Blue Bar,Pretzel,4.5
Blue Bar,Coca cola,2.5
Blue Bar,Sweet tea,3
Blue Bar,Sprite,2.5
Blue Bar,Root beer,2.5
Blue Bar,Club soda,2
Mona's,Pilsner Urquell,3
Mona's,Amstel Light,4.5
Mona's,Dos Equis,3
Mona's,Peroni,6.5
Mona's,Old Speckled Hen,4
Mona's,Lowenbrau,6.5
Mona's,Heineken,6
Mona's,Leffe Blonde,4.5
Mona's,OB Golden Lager,4.5
Mona's,San Miguel Pale Pilsen,7
Mona's,Tsingtao,4.5
Mona's,Cheeseburger,7
Mona's,French fries,2
Mona's,Nachos,5
Mona's,Chicken wings,6.5
Mona's,Quesadilla,7
Mona's,Onion rings,2
Mona's,Tater tots,3
Mona's,Mozoralla sticks,5
Mona's,Potato skins,4
Mona's,Pretzel,4.5
Mona's,Coca cola,2.5
Mona's,Sweet tea,3
Mona's,Sprite,2.5
Mona's,Root beer,2.5
Mona's,Club soda,2
Rainbow Room,Birra Moretti,5
Rainbow Room,Kirin,5
Rainbow Room,Budvar Svetly Lezak,4
Rainbow Room,Cass,5
Rainbow Room,Duvel,4.5
Rainbow Room,Tuborg,4
Rainbow Room,Tiger Beer,6
Rainbow Room,Efes Dark,4.5
Rainbow Room,Peroni,7
Rainbow Room,Budweiser,4.5
Rainbow Room,Coreff Ambree,5
Rainbow Room,Tsingtao,5
Rainbow Room,Harp Lager,7
Rainbow Room,Cheeseburger,7
Rainbow Room,French fries,2
Rainbow Room,Nachos,5
Rainbow Room,Chicken wings,6.5
Rainbow Room,Quesadilla,7
Rainbow Room,Onion rings,2
Rainbow Room,Tater tots,3
Rainbow Room,Mozoralla sticks,5
Rainbow Room,Potato skins,4
Rainbow Room,Pretzel,4.5
Rainbow Room,Coca cola,2.5
Rainbow Room,Sweet tea,3
Rainbow Room,Sprite,2.5
Rainbow Room,Root beer,2.5
Rainbow Room,Club soda,2
Rose Bar,Carlsberg,4.5
Rose Bar,Ichnusa Beer,3
Rose Bar,Newcastle Brown Ale,4.5
Rose Bar,Labatts Blue,6.5
Rose Bar,Guinness,6.5
Rose Bar,Duvel,6
Rose Bar,San Miguel Pale Pilsen,4
Rose Bar,Tiger Beer,7
Rose Bar,Tecate,5
Rose Bar,Lasko,6.5
Rose Bar,Cass,6
Rose Bar,Cheeseburger,7
Rose Bar,French fries,2
Rose Bar,Nachos,5
Rose Bar,Chicken wings,6.5
Rose Bar,Quesadilla,7
Rose Bar,Onion rings,2
Rose Bar,Tater tots,3
Rose Bar,Mozoralla sticks,5
Rose Bar,Potato skins,4
Rose Bar,Pretzel,4.5
Rose Bar,Coca cola,2.5
Rose Bar,Sweet tea,3
Rose Bar,Sprite,2.5
Rose Bar,Root beer,2.5
Rose Bar,Club soda,2
